File,MMTF,MMCIF,FastMMCIF,PDB 
sample_25,4.737856502993964,64.3054192160489,6.234188853064552,7.472652475000359
